objectid_1,objectid,acreage,sqft,final_cat,type_,sector,origpkname,updatepknm,alterntnam,divname,shape_leng,globalid,created_user,created_date,last_edited_user,last_edited_date,maintenanceresponsibility,Shape__Area,Shape__Length,GlobalID_2
1,1,1.65951034,72288.27034,Neighborhood Park,NP,5,Able Long Parklet,Able Long Park,Able Long Park,Western,1079.63858184,fb46cd7e-fcf3-47de-86b2-b44a62ecb0da,pgh.admin,2017-07-18T14:29:01.712Z,pgh.admin,2017-07-18T14:29:01.712Z,Parks - Western,7.12562382897715e-07,0.00337199137740355,85b25557-6565-41c7-868f-71985f3ea13c
2,2,0.38154396,16620.0547472,Neighborhood Park,NP,15,"Albert ""Turk"" Graham Parklet",Albert Turk Graham Park,"Albert ""Turk"" Graham Park",Schenley,542.40437763,98c0046f-47d7-455c-b39d-5183317e15d8,pgh.admin,2017-07-18T14:29:01.712Z,pgh.admin,2017-07-18T14:29:01.712Z,Parks - Schenley,1.63905551335111e-07,0.00169811740646909,8f07a6a3-3951-4769-a27d-096d2967adf3
3,3,2.50623159,109171.447876,Community Park,CP,3,Allegheny Center Plaza Park,Buhl Community Park at Allegheny Square,Buhl Community Park at Allegheny Square,State,1999.77616622,8d8c8881-084a-4daf-b347-d9e9dc83f9b7,pgh.admin,2017-07-18T14:29:01.712Z,pgh.admin,2017-07-18T14:29:01.712Z,Parks - Northern,1.07682858027089e-06,0.00637702911609793,5e9b0422-8a0c-40bc-95bd-b5e1d4769c2f
4,4,2.21287894,96393.0064671,Riverfront Park,RVR,16,Allegheny Landing Park,Allegheny Landing Park,Allegheny Landing Park,State,1579.93365704,4c54672c-8a00-4670-a599-1b3e59c22d84,pgh.admin,2017-07-18T14:29:01.712Z,pgh.admin,2017-07-18T14:29:01.712Z,Parks - Northern,9.50711962018062e-07,0.00514937938400058,70426a67-bd13-484c-9937-6266765bc60d
5,5,1.1844759,51595.7703221,Riverfront Park,RVR,16,Allegheny Riverfront Park,Allegheny Riverfront Park,Allegheny Riverfront Park,State,3789.70684425,56eb2a1a-f465-4488-8ee7-2939c1a56513,pgh.admin,2017-07-18T14:29:01.712Z,pgh.admin,2017-07-18T14:29:01.712Z,Parks - Northern,5.08865169866295e-07,0.0132622489730534,e621f2bd-40f7-4a40-9b39-79eb1553d7a4
6,6,0.13026646,5674.40719346,Neighborhood Park,NP,3,Alpine #2 Parklet,Alpine Gardens Park,Alpine Gardens Park,Northern,302.56218263,d2665673-a177-4850-8941-8ce097a592ec,pgh.admin,2017-07-18T14:29:01.712Z,pgh.admin,2017-07-18T14:29:01.712Z,Parks - Northern,5.59747533863646e-08,0.000971700233854536,b3b123cf-f94e-490f-9d19-8fd9b4f6c94d
7,7,4.02706511,175418.956026,Neighborhood Park,NP,5,Alton Playground,Alton Park,Alton Park,Western,1680.93778101,5469398c-9490-4e55-b4d4-776bc4862a7e,pgh.admin,2017-07-18T14:29:01.712Z,pgh.admin,2017-07-18T14:29:01.712Z,Parks - Western,1.72930759096403e-06,0.00531577677767437,6e76a654-cbb4-470a-ae5e-b5f0e508e752
8,8,0.10325238,4497.67358602,Beautification Site,BTF,12,Amber Triangle,Amber Triangle,Amber Triangle,Northeast,296.74385881,f2ac7993-bc0c-4271-9071-e469f8f652cc,pgh.admin,2017-07-18T14:29:01.712Z,pgh.admin,2017-07-18T14:29:01.712Z,2nd Division,4.43677327743061e-08,0.000965876895864236,73b23493-c382-4d34-bfad-939d7d50467f
9,9,8.08160084,352034.532733,Neighborhood Park,NP,15,Ammon Park,Ammon Park,Ammon Park,Schenley,2493.40740141,e8ad959c-58fa-4c30-baa0-4264c8d10705,pgh.admin,2017-07-18T14:29:01.712Z,pgh.admin,2017-07-18T14:29:01.712Z,Parks - Schenley,3.47219510687785e-06,0.00788744652278156,62619d88-7aaa-4a99-b54f-247c3facc570
10,10,0.57381155,24995.2310125,Special Use Park,SU,7,Arlington Gym,Arlington Rec Center,Arlington Gym,Southern,686.62104685,36b01e71-29f8-43d4-be7a-23afbd6267cb,pgh.admin,2017-07-18T14:29:01.712Z,pgh.admin,2017-07-18T14:29:01.712Z,Parks - Southern,2.46424142733099e-07,0.00228906673024176,50ed99ee-291b-4b0c-8893-440f5e33b0a8
11,11,4.20714379,183263.183365,Neighborhood Park,NP,7,Arlington Playground,Arlington Park,Arlington Park,Southern,1714.73920067,feb2c1cf-1ba5-4a8d-9bca-7dcd9165fed2,pgh.admin,2017-07-18T14:29:01.712Z,pgh.admin,2017-07-18T14:29:01.712Z,Parks - Southern,1.80673737810869e-06,0.00533232084375538,b452d4e7-6f64-4783-8932-d3fad3b3ee29
12,12,1.58520197,69051.3978728,Neighborhood Park,NP,7,Armstrong Playground,Armstrong Park,Armstrong Park,Southern,1015.27727183,8b1b9560-5b36-4925-93a2-205b276edb4f,pgh.admin,2017-07-18T14:29:01.712Z,pgh.admin,2017-07-18T14:29:01.712Z,Parks - Southern,6.80854090565436e-07,0.00322507819082751,116e3ba8-be21-4502-888f-61188b485494
13,13,8.80856053,383700.896795,Community Park,CP,13,Arsenal Park and School,Arsenal Park,Arsenal Park,Northeast,2498.19408838,7bfb78ce-506d-454c-a4d2-eb6a2494361e,pgh.admin,2017-07-18T14:29:01.712Z,pgh.admin,2017-07-18T14:29:01.712Z,Parks - Northeast,3.78547555555491e-06,0.00795612342605144,6d18d539-dc0a-4916-8a57-c26ef5e1d27f
14,14,16.6391042,724799.378917,Community Park,CP,5,Banksville Park,Banksville Park,Banksville Park,Western,6186.41940115,62ec008f-5309-4759-8d0e-3548938dcd38,pgh.admin,2017-07-18T14:29:01.712Z,pgh.admin,2017-07-18T14:29:01.712Z,Parks - Western,7.14516696498006e-06,0.019994169103381,3682fd2f-ea3f-4a99-8477-b6030d7d1d92
15,15,0.41485315,18071.00322,Public School,SCH,5,Banksville School,Banksville School Park,Banksville School,Western,573.32148474,8e5ecb6a-dba7-449f-bef7-d76ac0c446b4,pgh.admin,2017-07-18T14:29:01.712Z,pgh.admin,2017-07-18T14:29:01.712Z,Parks - Western,1.50829441947148e-06,0.00610089927144777,baf7a6d7-bbec-476e-989e-0cf1b88164c8
16,16,0.27823389,12119.8681822,Beautification Site,BTF,14,Bates St Triangle,Bates St Triangle,Bates St Triangle,Schenley,431.50681888,88d2aac9-ab97-4fe4-95de-093659d7a5fd,pgh.admin,2017-07-18T14:29:01.712Z,pgh.admin,2017-07-18T14:29:01.712Z,3rd Division,1.19515140573435e-07,0.00137930075693256,2a1785ec-b7dc-408e-8982-1de876390b49
17,17,0.27630202,12035.7158107,Beautification Site,BTF,12,Baum Negley Triangle,Baum Negley Triangle,Baum Negley Triangle,Northeast,504.37222474,fa3d8490-619c-4c5d-acee-a60c745dd8b5,pgh.admin,2017-07-18T14:29:01.712Z,pgh.admin,2017-07-18T14:29:01.712Z,2nd Division,1.18726920997663e-07,0.00165191325106685,c5ca662d-3f18-4176-ba91-92152c2aad2f
18,18,2.38598403,103933.4642,Neighborhood Park,NP,11,Baxter Parklet,Baxter Park,Baxter Park,Eastern,1418.32464469,73a669d2-df96-412e-b2e3-f23595df4ca4,pgh.admin,2017-07-18T14:29:01.712Z,pgh.admin,2017-07-18T14:29:01.712Z,Parks - Eastern,1.02522085505415e-06,0.00452799880452716,eaa9c8f5-674c-4eb2-a227-233cd855c7e7
19,19,0.25893409,11279.1691562,Beautification Site,BTF,16,Bedford Strip,Bedford Strip,Bedford Strip,Schenley,1553.55958981,dfea1aef-b523-4d33-af69-492304f521a0,pgh.admin,2017-07-18T14:29:01.712Z,pgh.admin,2017-07-18T14:29:01.712Z,3rd Division,1.11239253158243e-07,0.00526101205543645,73b70587-7484-4116-adc2-3a160defa48a
20,20,0.24159761,10523.9918149,Beautification Site,BTF,5,Beechview Monument,Beechview Monument,Beechview Monument,Western,444.08349025,de2ca330-1b55-483d-9403-4637822ca5e3,pgh.admin,2017-07-18T14:29:01.712Z,pgh.admin,2017-07-18T14:29:01.712Z,5th Division,1.03730826290893e-07,0.00135964390359968,9e72b196-a913-457b-a163-df916c3d1fbe
21,21,0.80511429,35070.7782616,Regional Park,RP,6,Bigbee Field,Emerald View Park - Bigbee Field,Emerald View Regional Park (Bigbee Field),Southern,908.29036986,5dbd0956-a4df-4f5a-b85d-0b5928ef258e,pgh.admin,2017-07-18T14:29:01.712Z,pgh.admin,2017-07-18T14:29:01.712Z,Parks - Southern,3.45801004319531e-07,0.00310139599937218,f4ccdec3-328e-48a5-9b09-738b6d4e8a70
22,22,1.68346294,73331.6454534,Neighborhood Park,NP,9,Blair St Parklet,Blair Street Park,Blair St. Park,Schenley,1179.30834272,284d433b-7f9f-4708-83ff-c76d15c28685,pgh.admin,2017-07-18T14:29:01.712Z,pgh.admin,2017-07-18T14:29:01.712Z,Parks - Schenley,7.2280366806581e-07,0.00355227005191475,9fa03738-4e02-4741-b288-41f0b21a4d1d
23,23,5.8104579,253103.545914,Neighborhood Park,NP,13,Bloomfield Playground,Paul J. Sciullo II Memorial Park,Bloomfield Park,Northeast,3262.78087797,4724c15b-ecec-4b4b-9b88-c709f759b98f,pgh.admin,2017-07-18T14:29:01.712Z,pgh.admin,2017-07-18T14:29:01.712Z,Parks - Northeast,2.49688217112932e-06,0.0106412924967174,a28a77cb-e0c6-45b4-a261-9aac3b144f90
24,24,1.02277224,44551.9586535,Neighborhood Park,NP,6,Bon Air Tot Lot,Bon Air Park,Bon Air Park,Southern,939.81120638,48c76f2a-fc5c-4ed8-9ab0-465403a64d69,pgh.admin,2017-07-18T14:29:01.712Z,pgh.admin,2017-07-18T14:29:01.712Z,Parks - Southern,4.39155661183672e-07,0.00315064526822307,db5e78fc-217b-4f08-b1ac-6d8d3674d2a6
25,25,0.45756887,19931.7001729,Neighborhood Park,NP,14,Boundary St Tot Lot,Boundary Street Park,Boundary St. Park,Schenley,604.75253842,d6781a89-d8c3-4c74-b126-ce95efd574ed,pgh.admin,2017-07-18T14:29:01.712Z,pgh.admin,2017-07-18T14:29:01.712Z,Parks - Schenley,1.96559237892969e-07,0.00198484237610263,9a4ddd5d-3a7a-4038-9bce-5f8b1d620a43
26,26,32.01044155,1394374.83391,Community Park,CP,2,Brighton Heights Park,Brighton Heights Park,Brighton Heights Park,Northern,12357.0948233,2ebd3497-6b22-4a86-95f4-cc01dc82048a,pgh.admin,2017-07-18T14:29:01.712Z,pgh.admin,2017-07-18T14:29:01.712Z,Parks - Northern,1.37602636341702e-05,0.0394828103703346,ab33a10f-606e-4071-8ddd-80b575dc0360
28,28,54.36923613,2368323.92596,Community Park,CP,5,Brookline Memorial Park,Brookline Memorial Park,Brookline Memorial Park,Southern,9152.84161215,041dc569-0b41-4383-bed6-df92c7b07dca,pgh.admin,2017-07-18T14:29:01.712Z,pgh.admin,2017-07-18T14:29:01.712Z,Parks - Southern,2.41397994869904e-05,0.0311860240081893,fdf48eb1-425d-4094-b5c3-fb94b22248ca
29,29,0.09355187,4075.11954569,Beautification Site,BTF,5,Brookline Monument,Brookline Monument,Brookline Monument,Southern,301.24993005,db8866c6-e4e2-40cc-9b91-b6a61dbb8579,pgh.admin,2017-07-18T14:29:01.712Z,pgh.admin,2017-07-18T14:29:01.712Z,4th Division,4.01597387316442e-08,0.000999192859837584,d26d828c-4b88-485b-8614-ade569ad2bc0
30,30,4.40550692,191903.88143,Neighborhood Park,NP,9,Bud Hammer Playground,Bud Hammer Park,Bud Hammer Park,Schenley,2043.23793256,7af3c8fe-087a-4e37-af3e-03860275b96c,pgh.admin,2017-07-18T14:29:01.712Z,pgh.admin,2017-07-18T14:29:01.712Z,Parks - Schenley,1.88311514575645e-06,0.00665495093346872,014ab724-d81a-4eeb-901c-fcc695dc8f93
31,31,6.79009821,295776.678203,Neighborhood Park,NP,9,Burgwin Playground,Burgwin Park,Burgwin Park,Schenley,2232.75902233,93e12c43-773c-47cb-82a3-91787e9bed98,pgh.admin,2017-07-18T14:29:01.712Z,pgh.admin,2017-07-18T14:29:01.712Z,Parks - Schenley,2.9153824185144e-06,0.00724611670764576,5f911523-96fb-4935-bd6a-71ec5bc78c06
33,33,0.4754707,20711.5035732,Neighborhood Park,NP,1,Catalano Parklet,Catalano Park,Catalano Park,Northern,567.15573912,747d5630-9fcb-42d3-bd33-ba7774dee3cb,pgh.admin,2017-07-18T14:29:01.712Z,pgh.admin,2017-07-18T14:29:01.712Z,Parks - Northern,2.04314108880078e-07,0.00182337273781602,a9328de5-f687-43d6-b424-bf7fd7b54ac9
34,34,6.78546893,295575.026615,Neighborhood Park,NP,11,Chadwick Rec Center,Chadwick Park,Chadwick Park,Eastern,2425.2027917,ad00f128-3d9f-4bfd-93e9-98fe0d4241a4,pgh.admin,2017-07-18T14:29:01.712Z,pgh.admin,2017-07-18T14:29:01.712Z,Parks - Eastern,2.91600219528082e-06,0.00774301646737589,b931c2f0-0373-4c86-8875-53c3b528598f
35,35,6.14843572,267825.860178,Neighborhood Park,NP,4,Chartiers Playground,Chartiers Park,Chartiers Park,Western,2197.20250399,3bd43bb8-9677-45be-8b89-7d05c1d78cf6,pgh.admin,2017-07-18T14:29:01.712Z,pgh.admin,2017-07-18T14:29:01.712Z,Parks - Western,2.64192006405853e-06,0.00700561102911124,1a372fb4-351e-499b-8a26-d1a4321f72cf
36,36,1.11317138,48489.7454505,Neighborhood Park,NP,15,Cliffside Parklet,August Wilson Park,Cliffside Park,Schenley,1313.83264367,764d9a2f-719c-49c2-b747-8f276149bf04,pgh.admin,2017-07-18T14:29:01.712Z,pgh.admin,2017-07-18T14:29:01.712Z,Parks - Schenley,4.78246808498118e-07,0.00412017925461562,a37517e3-214f-4e51-b168-21d95173fe7b
37,37,0.87432407,38085.5564686,Neighborhood Park,NP,7,Cobden St Bsktbl Ct,Cobden Street Park,Cobden St. Park,Southern,825.91850831,fb470340-f4f8-460a-8a16-f16e333573d9,pgh.admin,2017-07-18T14:29:01.712Z,pgh.admin,2017-07-18T14:29:01.712Z,Parks - Southern,3.75480133466942e-07,0.00271424263990518,0a6d7710-25a8-407d-bee6-2379da26beb5
38,38,4.22349565,183975.470373,Neighborhood Park,NP,1,Cowley Playground,Cowley Park,Cowley Park,Northern,1706.73971546,d8f9288e-6a5e-4640-8245-97a8c6a95248,pgh.admin,2017-07-18T14:29:01.712Z,pgh.admin,2017-07-18T14:29:01.712Z,Parks - Northern,1.81483110274063e-06,0.0055208181505784,1108adc1-b1a2-437f-99d2-ceec273ad142
39,39,0.08777817,3823.61718494,Beautification Site,BTF,14,Craft Triangle,Craft Triangle,Craft Triangle,Schenley,249.4495686,ed06cbc2-d61c-453c-a61f-0b2f2aea4fac,pgh.admin,2017-07-18T14:29:01.712Z,pgh.admin,2017-07-18T14:29:01.712Z,3rd Division,3.77056846875597e-08,0.00080749065164727,34c8c64d-7bbb-4402-9a17-dc8e6a326b64
40,40,0.34412235,14989.9697058,Neighborhood Park,NP,4,Crafton Heights Tot Lot,Crafton Heights Park,Crafton Heights Park,Western,540.46194742,9fdbedd7-5f9c-4171-a8f3-abe2b238437f,pgh.admin,2017-07-18T14:29:01.712Z,pgh.admin,2017-07-18T14:29:01.712Z,Parks - Western,1.47820687554229e-07,0.00180022657422378,8b54fe4f-1073-41d8-954c-a642567bab0f
41,41,0.15442394,6726.70661301,Public School,SCH,11,Crescent School,Crescent School,Falson School,Eastern,345.24365468,222181fd-ed02-4c3c-819a-8dbea5c5bdea,pgh.admin,2017-07-18T14:29:01.712Z,pgh.admin,2017-07-18T14:29:01.712Z,,6.63512746431755e-08,0.00113882832937736,9524e982-163c-4240-824b-7b97f5680a5f
42,42,0.29604287,12895.6273738,Neighborhood Park,NP,2,Cross & Strauss Parklet,Cross and Strauss Park,Cross and Strauss Park,Northern,474.7128683,f9c675a5-8da5-4e06-a308-2cf81ad5cc8f,pgh.admin,2017-07-18T14:29:01.712Z,pgh.admin,2017-07-18T14:29:01.712Z,Parks - Northern,1.2722135549451e-07,0.00147317998533329,caeff0bf-693a-49c8-a8c4-cf55c7b4e817
43,43,1.44350667,62879.1506312,Beautification Site,BTF,16,Crosstown,Crosstown,Crosstown,State,3253.17820117,c67f0e1f-0472-4b30-9f55-8976660546c9,pgh.admin,2017-07-18T14:29:01.712Z,pgh.admin,2017-07-18T14:29:01.712Z,6th Division,6.20112854573609e-07,0.0105115437810437,f6d49948-8233-43a3-a3dd-28a48008aec3
44,44,7.22025607,314514.354515,Neighborhood Park,NP,13,Curto Park,Frank Curto Park,Frank Curto Park,State,4947.79134007,789bcaf2-11c5-4ada-82e8-e03ad3899319,pgh.admin,2017-07-18T14:29:01.712Z,pgh.admin,2017-07-18T14:29:01.712Z,Parks - Schenley,3.10218765776601e-06,0.0169175867144595,0f2500a6-36bf-437a-aae4-61c564e75a60
45,45,0.42852329,18666.4744405,Neighborhood Park,NP,11,Dallas Parklet,Dallas Park,Dallas Park,Eastern,575.21234312,7833f211-ee2a-44e4-997d-d83ed7f19972,pgh.admin,2017-07-18T14:29:01.712Z,pgh.admin,2017-07-18T14:29:01.712Z,Parks - Eastern,1.84134029037537e-07,0.00185814361183576,da9d5bcc-06ec-4864-9915-58c7d5afa832
46,46,1.50196208,65425.4679939,Neighborhood Park,NP,10,Davis Parklet,Davis Park,Davis Park,Eastern,1052.34532258,0c5ad046-197c-4180-b444-321700e6bbf9,pgh.admin,2017-07-18T14:29:01.712Z,pgh.admin,2017-07-18T14:29:01.712Z,Parks - Eastern,6.45143673497608e-07,0.00350572282349883,f9e06d15-8b9a-4852-b61c-0d780389c4d4
47,47,1.09754411,47809.021232,Neighborhood Park,NP,13,Denny Parklet,Denny Park,Denny Park,State,1158.75039968,8c670a48-12e6-4067-9a59-a19f53d1aeea,pgh.admin,2017-07-18T14:29:01.712Z,pgh.admin,2017-07-18T14:29:01.712Z,Parks - Northeast,4.71605957218145e-07,0.00373802432466607,9a611adf-a2a6-4908-8808-bf329f301927
48,48,6.53708981,284755.631926,Neighborhood Park,NP,7,Devlin Field,Devlin Field,Devlin Field,Southern,2721.8691953,dd1c0a48-cb15-4324-acd9-3a88008cf1ed,pgh.admin,2017-07-18T14:29:01.712Z,pgh.admin,2017-07-18T14:29:01.712Z,Parks - Southern,2.8071313267085e-06,0.0085192517258901,b95206c8-a0e7-4ace-8c7a-72df8485c6cc
49,49,16.42176269,715331.982759,Community Park,CP,13,Dinan Playground,Dinan Park,Dinan Park,Northeast,4324.05085525,6ae57e29-f05f-4863-b819-cd72229aa471,pgh.admin,2017-07-18T14:29:01.712Z,pgh.admin,2017-07-18T14:29:01.712Z,Parks - Northeast,6.20916001747311e-06,0.0119185456716033,29c115f8-0319-4da5-b48a-793dee664bff
50,50,6.74568843,293842.188126,Neighborhood Park,NP,4,Dunbar Playground,Dunbar Park,Dunbar Park,Western,2666.55630682,5d9753a7-660a-4015-abb1-96fb651a03cf,pgh.admin,2017-07-18T14:29:01.712Z,pgh.admin,2017-07-18T14:29:01.712Z,Parks - Western,2.89776479738991e-06,0.00869072301900371,cb99efbd-dd84-456c-89fe-06eb4873d2d9
51,51,0.80543447,35084.7253977,Neighborhood Park,NP,13,Duncan Parklet,Duncan Park,Duncan Park,Northeast,765.09522208,11bb27fa-771b-4ed0-92e5-c66f27b8e336,pgh.admin,2017-07-18T14:29:01.712Z,pgh.admin,2017-07-18T14:29:01.712Z,Parks - Northeast,3.46204267247747e-07,0.0024688062069392,bc1e8ad0-9a72-48a6-9da2-70724c63f07f
52,52,0.47028362,20485.5546527,Neighborhood Park,NP,4,East Carnegie Parklet,East Carnegie Park,East Carnegie Park,Western,573.2494265,dc099b67-b6ee-46da-bb87-4a7086b3c33a,pgh.admin,2017-07-18T14:29:01.712Z,pgh.admin,2017-07-18T14:29:01.712Z,Parks - Western,2.01950073824656e-07,0.00183367195040208,ea9600d7-1cfe-4ac3-b08a-934132896b3f
53,53,21.97894389,957402.795657,Community Park,CP,3,East Common Park,Allegheny Commons,Allegheny Commons Park,State,8643.01965726,ed54111f-f829-49c1-87b0-4f0e06c2ccaa,pgh.admin,2017-07-18T14:29:01.712Z,pgh.admin,2017-07-18T14:29:01.712Z,Parks - Northern,2.57538877181971e-05,0.0688650961273996,d0d7423f-df9b-4d9c-814c-3dbd355cd3b1
54,54,11.13587871,485078.876651,Community Park,CP,11,East Hills Park,East Hills Park,East Hills Park,Eastern,3990.46535446,ef396672-2c4a-4eda-ae69-204f645a1602,pgh.admin,2017-07-18T14:29:01.712Z,pgh.admin,2017-07-18T14:29:01.712Z,Parks - Eastern,4.7847009692742e-06,0.0125312364309403,b7b25865-c912-46d7-a651-f859670188a5
55,55,1.4448592,62938.0665613,Neighborhood Park,NP,12,East Liberty Park,East Liberty Park,East Liberty Park,Northeast,1034.36708588,6923ce76-354b-49a4-9ce6-998975b27c1b,pgh.admin,2017-07-18T14:29:01.712Z,pgh.admin,2017-07-18T14:29:01.712Z,Parks - Eastern,6.20886339858998e-07,0.0033725081796861,0c7d4e3d-0d3e-4447-a537-7f983763a61b
56,56,2.51002137,109336.530817,Beautification Site,BTF,12,East Liberty Strip,East Liberty Strip,East Liberty Strip,Northeast,8837.89098497,8121f4fa-9924-4f9a-8873-2f401c09de85,pgh.admin,2017-07-18T14:29:01.712Z,pgh.admin,2017-07-18T14:29:01.712Z,2nd Division,1.07865156817176e-06,0.0290403425422491,e559ed92-4096-4f41-a6b0-9737021b4313
57,57,0.00165398,72.04720192,Beautification Site,BTF,10,Edgerton Circle,Edgerton Circle,Edgerton Circle,Eastern,30.2251192,aaa0ea46-f889-43ee-92a4-8d2cb5f28154,pgh.admin,2017-07-18T14:29:01.712Z,pgh.admin,2017-07-18T14:29:01.712Z,3rd Division,7.10601444823902e-10,9.62510989183287e-05,c641c7f0-513e-4398-aed5-7374240de20b
58,58,0.85384695,37193.5729709,Regional Park,RP,6,Eileen McCoy Parklet,Emerald View Park - Eileen McCoy Park,Emerald View Regional Park (Eileen McCoy Park),Western,780.26813719,85e78b3f-6464-4be8-a756-695779735770,pgh.admin,2017-07-18T14:29:01.712Z,pgh.admin,2017-07-18T14:29:01.712Z,Parks - Western,3.66787472128138e-07,0.00247653532693406,1fb5aff4-47ec-4d55-9f0d-85b420dbb63b
59,59,0.61773159,26908.3882752,Neighborhood Park,NP,7,Eleanor St Parklet,Eleanor Street Park,Eleanor Street Park,Southern,649.21057742,601181be-4c7c-482e-b656-cfa5d7602552,pgh.admin,2017-07-18T14:29:01.712Z,pgh.admin,2017-07-18T14:29:01.712Z,Parks - Southern,2.65293778156565e-07,0.00206726866486845,9a300bd8-422e-4869-9e51-5ff256d2993a
60,60,2.33476802,101702.494793,Neighborhood Park,NP,12,Enright Parklet,Enright Park,Enright Park,Northeast,1394.57267633,37c10cb4-aa70-4cac-9887-6221b5664713,pgh.admin,2017-07-18T14:29:01.712Z,pgh.admin,2017-07-18T14:29:01.712Z,Parks - Northeast,1.00329618468882e-06,0.00435955423984448,198917ba-7ee7-44ea-9446-9d79c9c55a29
61,61,0.19478741,8484.93952479,Neighborhood Park,NP,4,Esplen Tot Lot,Esplen Park,Esplen Park,Western,365.82805247,3be60947-2c73-4a72-b6d0-3461abc6e3d2,pgh.admin,2017-07-18T14:29:01.712Z,pgh.admin,2017-07-18T14:29:01.712Z,Parks - Western,8.37025000269125e-08,0.00117598723999131,87c90456-39e8-4306-b57e-8da314e75ca4
62,62,3.5548621,154849.792981,Neighborhood Park,NP,4,Fairywood Playground,Fairywood Park,Fairywood Park,Western,1580.61786622,b14e6db3-cd9c-4ce2-9b58-aa2632b7a75f,pgh.admin,2017-07-18T14:29:01.712Z,pgh.admin,2017-07-18T14:29:01.712Z,Parks - Western,1.52730300726168e-06,0.00508453583983261,6a168ac3-1823-4a57-945b-f1459893cd81
63,63,2.08455277,90803.1188369,Neighborhood Park,NP,13,Fifty-Seventh St Playground,Fifty-Seventh Street Park,Fifty-Seventh Street Park,Northeast,1535.49617355,31373659-cf0f-4036-9c4b-b23dc2763456,pgh.admin,2017-07-18T14:29:01.712Z,pgh.admin,2017-07-18T14:29:01.712Z,Parks - Northeast,8.96089076513146e-07,0.00495080060583218,038c4998-3422-46b3-affb-e3eba145938d
64,64,3.12901289,136299.801533,Neighborhood Park,NP,3,Fineview Field,Fineview Field,Fineview Field,Northern,1791.9436509,21784547-a11b-4006-ad6c-9b27cf995c19,pgh.admin,2017-07-18T14:29:01.712Z,pgh.admin,2017-07-18T14:29:01.712Z,Parks - Northern,1.48470856183762e-06,0.005402574876932,f5a352b5-a803-4e53-bc55-ee17e07c437e
65,65,1.76196512,76751.2005564,Neighborhood Park,NP,3,Fineview Playground,Fineview Park,Fineview Park,Northern,1108.51197838,db4b7e9e-0652-4636-8213-593a7cfc5953,pgh.admin,2017-07-18T14:29:01.712Z,pgh.admin,2017-07-18T14:29:01.712Z,Parks - Northern,7.57149270988157e-07,0.00358006386323174,43654ca8-4b0b-4feb-ad59-617efdae1277
66,66,9.47866553,412890.670511,Neighborhood Park,NP,12,Fort Pitt Playground,Fort Pitt Park,Fort Pitt Park,Northeast,3309.67418793,af65aeef-0944-4a0c-936f-96ea81bec49b,pgh.admin,2017-07-18T14:29:01.712Z,pgh.admin,2017-07-18T14:29:01.712Z,Parks - Northeast,4.07362410921566e-06,0.0107866523735743,f693b0e8-7257-4f0b-b3c5-3e73794f92c5
67,67,1.76411757,76844.9615173,Neighborhood Park,NP,9,Four Mile Run Playground,Four Mile Run Park,Four Mile Run Park,Schenley,2243.35767795,5add2480-4844-49fa-97f4-adba23a96075,pgh.admin,2017-07-18T14:29:01.712Z,pgh.admin,2017-07-18T14:29:01.712Z,Parks - Schenley,7.57694411232704e-07,0.0071579060904934,43e74d40-a2f5-42d5-8d71-63b152f74ada
69,69,4.54111261,197810.865255,Beautification Site,BTF,12,Frankstown Triangle 1 & 2,Frankstown Triangle 1 & 2,Frankstown Triangle 1 & 2,Northeast,3139.28567015,732bc31d-d5bf-4d93-b8be-795a9bdeaf77,pgh.admin,2017-07-18T14:29:01.712Z,pgh.admin,2017-07-18T14:29:01.712Z,2nd Division,1.95137747889775e-06,0.00950067646435548,1649938f-9173-412c-9b56-65486167b796
70,70,3.43396304,149583.429927,Neighborhood Park,NP,14,Frazier Playground,Frazier Park,Frazier Park,Schenley,1740.35286534,f31f2520-2ab6-4e6b-8999-82166ba2e957,pgh.admin,2017-07-18T14:29:01.712Z,pgh.admin,2017-07-18T14:29:01.712Z,Parks - Schenley,1.4749349475584e-06,0.00561845135577791,32e9943e-9490-4836-b802-9911e2275f35
71,71,643.80298504,28044058.0284,Regional Park,RP,10,Frick Park,Frick Park,Frick Park,Eastern,75685.9897736,4012cac2-c9fc-4074-8331-0c10b213ef16,pgh.admin,2017-07-18T14:29:01.712Z,pgh.admin,2017-07-18T14:29:01.712Z,Parks - Eastern,0.000260225495668155,0.246850461783675,bf1fd4a9-632d-44ec-93c6-495590e0e7e9
72,72,1.95542019,85178.1036933,Neighborhood Park,NP,12,Friendship Park,Friendship Park,Friendship Park,Northeast,1901.42659879,f95cbafc-dcd8-493f-8b98-89745c6434ca,pgh.admin,2017-07-18T14:29:01.712Z,pgh.admin,2017-07-18T14:29:01.712Z,Parks - Northeast,8.40292007220218e-07,0.00668425622155756,8558ce5c-1cad-4a56-b7f4-3e432f1afb73
73,73,3.42605537,149238.971922,Neighborhood Park,NP,1,Gardner Field,Gardner Park,Gardner Park,Northern,1857.62322656,62e2d7c6-aeec-4aef-83a6-3fd1f4dcb8ee,pgh.admin,2017-07-18T14:29:01.712Z,pgh.admin,2017-07-18T14:29:01.712Z,Parks - Northern,1.47223902742761e-06,0.00581106931510398,92e660fd-8fc9-4ce3-bc6b-5d55d94647c1
74,74,3.20146345,139455.7479,Neighborhood Park,NP,12,Garland Parklet,Garland Park,Garland Park,Northeast,1899.44181991,57d9a24b-1e2e-45c4-b7b0-8ca0b4afb9de,pgh.admin,2017-07-18T14:29:01.712Z,pgh.admin,2017-07-18T14:29:01.712Z,Parks - Northeast,1.3757744312163e-06,0.00587625755001876,7ea71b0c-ee24-4ede-97d7-e21abb49c837
75,75,3.3440402,145666.391044,Neighborhood Park,NP,9,Gladstone Field,Gladstone Park,Gladstone Park,Schenley,1630.11987804,2f062758-efae-4329-9ae2-4a4049c76c2f,pgh.admin,2017-07-18T14:29:01.712Z,pgh.admin,2017-07-18T14:29:01.712Z,Parks - Schenley,1.4360164622758e-06,0.00497432991004362,dae7be7a-43b7-4fb6-bdb8-5978c29062d0
76,76,0.00106943,46.58433633,Beautification Site,BTF,10,Glen Arden Circle,Glen Arden Circle,Glen Arden Circle,Eastern,24.316377,c273533e-c3d7-41a9-ad58-cac20ff7937b,pgh.admin,2017-07-18T14:29:01.712Z,pgh.admin,2017-07-18T14:29:01.712Z,3rd Division,4.59449150092115e-10,7.73890372077921e-05,01f8f208-f2c5-41b7-a2fb-6b22da8c9db6
77,77,0.00720536,313.86568601,Beautification Site,BTF,10,Glen Arden Triangle,Glen Arden Triangle,Glen Arden Triangle,Eastern,69.95243577,42b935d1-085d-4ec1-951b-8c2e02bf702a,pgh.admin,2017-07-18T14:29:01.712Z,pgh.admin,2017-07-18T14:29:01.712Z,3rd Division,3.09567007807733e-09,0.000219173434676436,64960d23-bd80-46a6-b8ca-97588ea722d0
78,78,6.14713538,267769.216995,Regional Park,RP,6,Grandview Overlook,Emerald View Park - Grandview Overlook,Emerald View Regional Park (Grandview Overlook),Western,5037.75089773,e065b497-78da-4f77-b22f-ad9c13a0b5ec,pgh.admin,2017-07-18T14:29:01.712Z,pgh.admin,2017-07-18T14:29:01.712Z,Parks - Western,2.6404293172476e-06,0.0165844826250267,e8b45fb3-d9b2-4e4e-9ca8-fda1152cf3c4
79,79,33.44313348,1456782.8946,Regional Park,RP,6,Grandview Park,Emerald View Park  - Grandview Park,Emerald View Regional Park (Grandview Park),Southern,14446.4975317,aeeefde8-4347-4ab7-8bdf-bc2bedd16135,pgh.admin,2017-07-18T14:29:01.712Z,pgh.admin,2017-07-18T14:29:01.712Z,Parks - Southern,1.43637286350001e-05,0.0474733238053135,4add701a-a60d-40c4-83cd-7d2a398646b3
80,80,0.43052103,18753.4961869,Beautification Site,BTF,16,Grant Street Islands,Grant Street Islands,Grant Street Islands,State,3596.22994508,ec7791b6-034e-4e49-95d3-594550c438cf,pgh.admin,2017-07-18T14:29:01.712Z,pgh.admin,2017-07-18T14:29:01.712Z,6th Division,1.84944472824051e-07,0.0107431735103863,5546d865-365c-4335-b3fd-513224334720
81,81,0.64322784,28019.0045991,Neighborhood Park,NP,15,Granville Parklet,Granville Park,Granville Park,Schenley,699.57107337,eea870bf-624f-48a6-86ba-81f5b2b87dae,pgh.admin,2017-07-18T14:29:01.712Z,pgh.admin,2017-07-18T14:29:01.712Z,Parks - Schenley,2.7633710422429e-07,0.00219712211671801,62452509-84ce-4fa5-acd5-25f6d26d11e5
82,82,0.25857234,11263.4111176,Beautification Site,BTF,14,Harris Triangle,Harris Triangle,Harris Triangle,Northeast,646.68556183,d842d827-fc4b-4451-98da-151fc35d1a76,pgh.admin,2017-07-18T14:29:01.712Z,pgh.admin,2017-07-18T14:29:01.712Z,3rd Division,1.11104036068424e-07,0.0018801260503087,684f21a7-6a22-44e7-a234-c916eb7beeb0
83,83,1.26312639,55021.7857298,Neighborhood Park,NP,8,Hays Parklet,Hays Park,Hays Park,Southern,1369.16447913,286d8335-f1a8-402b-969d-0ede4cfcd2cc,pgh.admin,2017-07-18T14:29:01.712Z,pgh.admin,2017-07-18T14:29:01.712Z,Parks - Southern,5.42167123226569e-07,0.00439722946355521,49d2c0ab-b4e5-44e0-8428-d7b46e9758ce
84,84,1.30665764,56918.0066196,Special Use Park,SU,9,Hazelwood Senior Center,Hazelwood Senior Center,Hazelwood Senior Center,Schenley,959.54010567,6d68e648-9a59-4a3e-a7af-2206e8e4ee32,pgh.admin,2017-07-18T14:29:01.712Z,pgh.admin,2017-07-18T14:29:01.712Z,Parks - Schenley,5.610161332486e-07,0.00305262295268921,3a96a909-0633-46a0-bfa1-f3463f72ce2d
86,86,20.40661897,888912.322392,Community Park,CP,4,Hershel Playground,Herschel Park,Hershel Park,Western,5898.08325819,5011c72c-2a08-418b-844d-b3dbbca6075e,pgh.admin,2017-07-18T14:29:01.712Z,pgh.admin,2017-07-18T14:29:01.712Z,Parks - Western,8.76620542055743e-06,0.0192170484533154,88ce2331-0574-49a4-bef1-cc2d4fca06b6
87,87,5.10805001,222506.658509,Neighborhood Park,NP,12,Heths Playground,Heth's Park,Heth's Park,Northeast,2181.06130748,a6a4ac92-5a00-4af5-9f11-716e51079fea,pgh.admin,2017-07-18T14:29:01.712Z,pgh.admin,2017-07-18T14:29:01.712Z,Parks - Northeast,2.19553773213311e-06,0.00656012647767668,e160e754-9fdc-44a6-ae06-35cd2751202e
88,88,0.05664547,2467.47680662,Beautification Site,BTF,12,Highland Ave Plant Strip,Highland Ave Plant Strip,Highland Ave Plant Strip,Northeast,361.07461526,646d5e11-0ec7-4f5b-81ad-0e50bd2bfcbe,pgh.admin,2017-07-18T14:29:01.712Z,pgh.admin,2017-07-18T14:29:01.712Z,2nd Division,2.43431748770473e-08,0.00124356536114461,ffb15b04-0c7a-4972-8d02-f123b5b8beda
89,89,377.9090572,16461718.5316,Regional Park,RP,12,Highland Park,Highland Park,Highland Park,Northeast,107319.676945,c9e4bd66-e2b3-4f4a-b49b-a9f1ee0688b3,pgh.admin,2017-07-18T14:29:01.712Z,pgh.admin,2017-07-18T14:29:01.712Z,Parks - Northeast,0.000162439893810593,0.3363304885298,126a1044-4c5e-49c9-add6-e07ac127c36b
90,90,2.68816501,117096.467788,Neighborhood Park,NP,11,Homewood Playground,Homewood Park,Homewood Park,Eastern,1360.90801945,9296bb5e-10ce-4bb7-a855-54fe7a1c97be,pgh.admin,2017-07-18T14:29:01.712Z,pgh.admin,2017-07-18T14:29:01.712Z,Parks - Eastern,1.15502308138665e-06,0.00434856198493351,3dc85873-f5c5-4bb0-8adb-fedaa5ae998f
91,91,0.22122599,9636.60398648,Special Use Park,SU,11,Homewood Senior Center,Homewood Senior Center,Homewood Senior Center,Eastern,410.87559451,38905c2c-76b0-4f28-8608-655f6a76897b,pgh.admin,2017-07-18T14:29:01.712Z,pgh.admin,2017-07-18T14:29:01.712Z,Parks - Eastern,9.50583100348404e-08,0.00127012990802404,ac1dadc2-d354-4044-b24d-ba6be0f340e5
93,93,0.0345107,1503.28594022,Beautification Site,BTF,16,Jail Triangle,Jail Triangle,Jail Triangle,State,169.0067854,2193e97c-d602-446e-94a5-d37370e864ec,pgh.admin,2017-07-18T14:29:01.712Z,pgh.admin,2017-07-18T14:29:01.712Z,6th Division,1.48247739894582e-08,0.0005687179772282,45b28c5e-5630-455c-a6bf-517653f5b8f3
94,94,0.5932533,25842.1137608,Neighborhood Park,NP,3,Jefferson Playground,Jefferson Park,Jefferson Park,Northern,679.93778871,fbfc5a30-c277-428b-b9a3-d8fd5eb06a64,pgh.admin,2017-07-18T14:29:01.712Z,pgh.admin,2017-07-18T14:29:01.712Z,Parks - Northern,2.54922086581115e-07,0.00206565821467572,e1504207-fce5-4612-911e-1914b4e1540a
95,95,5.41335373,235805.68849,Neighborhood Park,NP,12,Joe Natoli Playground,Joe Natoli Park,Joe Natoli Park,Northeast,2027.25345377,bc75545d-28e9-4c68-b1fd-40fa6c3b3bbf,pgh.admin,2017-07-18T14:29:01.712Z,pgh.admin,2017-07-18T14:29:01.712Z,Parks - Northeast,2.32697518573268e-06,0.00651284049242497,46598781-a720-4776-b77f-c27bfc3c7e38
96,96,13.43462876,585212.428624,Neighborhood Park,NP,15,Kennard Playground,Kennard Park,Kennard Park,Schenley,3273.39535077,6354bb5b-f289-4868-a4b7-04d9ceb09d7b,pgh.admin,2017-07-18T14:29:01.712Z,pgh.admin,2017-07-18T14:29:01.712Z,Parks - Schenley,5.77149476165245e-06,0.00986585007435359,03e5708a-2565-4712-99ab-f93e20383dce
97,97,0.92300399,40206.0539646,Neighborhood Park,NP,12,Kite Hill Parklet,Kite Hill Park,Kite Hill Park,Northeast,858.45771873,02503ebc-2418-4c2e-b973-7e5d809e7408,pgh.admin,2017-07-18T14:29:01.712Z,pgh.admin,2017-07-18T14:29:01.712Z,Parks - Northeast,3.96662721911424e-07,0.00262776498827677,97589a7d-747b-426f-8477-1c00af13eea6
98,98,1.47538734,64267.8726495,Neighborhood Park,NP,12,Larimer Playground,Larimer Park,Larimer Park,Northeast,1546.479562,e2dfdfa0-07bf-44bc-b67a-987e04079b1f,pgh.admin,2017-07-18T14:29:01.712Z,pgh.admin,2017-07-18T14:29:01.712Z,Parks - Eastern,6.34044162592669e-07,0.00482896656304121,37b267e5-f41f-4773-9602-cb5697aac85d
99,99,0.43518057,18956.4654363,Neighborhood Park,NP,14,Lawn & Ophelia Playground,Lawn and Ophelia Park,Lawn and Ophelia Park,Schenley,701.5748464,1eb23da9-b4bd-4b7f-ae4b-f51bfe67db3f,pgh.admin,2017-07-18T14:29:01.712Z,pgh.admin,2017-07-18T14:29:01.712Z,Parks - Schenley,1.86933584434876e-07,0.0022329003585833,8ba14bb1-14c6-4cc1-8821-a91bcc88a267
100,100,0.12453079,5424.56104262,Beautification Site,BTF,10,Le Roi Rd Island,Le Roi Rd Island,Le Roi Rd Island,Eastern,541.81569145,f6aa791b-e26a-4809-8abb-6b6b83fc14cc,pgh.admin,2017-07-18T14:29:01.712Z,pgh.admin,2017-07-18T14:29:01.712Z,3rd Division,5.35022767561398e-08,0.0015916959689473,64061874-9348-49bb-8a28-2074d23bf5c4
101,101,0.69760921,30387.8572596,Beautification Site,BTF,2,Legion Memorial Park,Legion Memorial Park,Legion Memorial Park,Northern,786.64578979,8256c558-9b8e-4999-af5e-828fca9537b9,pgh.admin,2017-07-18T14:29:01.712Z,pgh.admin,2017-07-18T14:29:01.712Z,Parks - Northern,2.99864060335018e-07,0.00253317086131669,482e347a-4328-42b2-9f25-f855cb9631aa
102,102,0.20970478,9134.74022969,Neighborhood Park,NP,1,Leister St Parklet,Leister Street Park,Leister Street Park,Northern,410.53604786,a9d16cfe-003c-476c-8ea2-0d522202d3ea,pgh.admin,2017-07-18T14:29:01.712Z,pgh.admin,2017-07-18T14:29:01.712Z,Parks - Northern,9.01146058010738e-08,0.00130730339300812,d471aace-5a25-443f-b196-6b80892bc075
103,103,0.45531521,19833.5306245,Neighborhood Park,NP,5,Leolyn Parklet,Leolyn Park,Leolyn Park,Southern,617.72292841,f027a6f9-cb67-4ec2-8d03-66eb8ad658f0,pgh.admin,2017-07-18T14:29:01.712Z,pgh.admin,2017-07-18T14:29:01.712Z,Parks - Southern,1.95477916193101e-07,0.00197359798088139,7455f0d8-67e7-45d1-b7b2-68e8230806ef
104,104,6.02791966,262576.180241,Neighborhood Park,NP,13,Leslie Park,Leslie Park,Leslie Park,Northeast,2066.00460031,8728e9ee-a6c5-49fa-80f8-b369a26aae02,pgh.admin,2017-07-18T14:29:01.712Z,pgh.admin,2017-07-18T14:29:01.712Z,Parks - Northeast,2.59072758873975e-06,0.00652701970967046,28ec0354-cf35-49a7-bfef-993ea4164ef2
105,105,0.89513095,38991.9039992,Neighborhood Park,NP,9,Lewis Playground,Lewis Park,Lewis Park,Schenley,796.3927443,635c355b-aae2-42d7-ab29-d1d6a357bf97,pgh.admin,2017-07-18T14:29:01.712Z,pgh.admin,2017-07-18T14:29:01.712Z,Parks - Schenley,3.84379175342689e-07,0.00248339258415779,8f8c86bb-aed2-4c53-93f8-f0be762acb8e
106,106,1.15756859,50423.6879398,Beautification Site,BTF,16,Liberty Avenue Island,Liberty Avenue Island,Liberty Avenue Island,State,2220.12911752,ab150e5d-67ff-4b95-a634-3e3c5397f38b,pgh.admin,2017-07-18T14:29:01.712Z,pgh.admin,2017-07-18T14:29:01.712Z,6th Division,4.97280599933518e-07,0.00749735616860067,c24c5494-5e3d-456a-af3e-f567f8c72453
107,107,1.07958044,47026.5241748,Public School,SCH,12,Liberty School,Liberty School,Liberty School,Eastern,862.76582467,7e29fb69-a731-4ce0-85f8-70d360271a0a,pgh.admin,2017-07-18T14:29:01.712Z,pgh.admin,2017-07-18T14:29:01.712Z,,4.63861761462348e-07,0.0027213371014072,8174fc5b-79d6-46e1-a5c4-ee33eacc4d8f
108,108,0.63524447,27671.249206,Neighborhood Park,NP,8,Lincoln Place Parklet,Lincoln Place Park,Lincoln Place Park,Southern,763.19671597,b4b74fc4-80c6-4534-93d5-83dcd06e43c8,pgh.admin,2017-07-18T14:29:01.712Z,pgh.admin,2017-07-18T14:29:01.712Z,Parks - Southern,2.72609324906636e-07,0.00225633695769407,65c46775-7db8-4dc4-afb8-5ab404efff06
109,109,0.16077704,7003.44797943,Public School,SCH,10,Linden School,Linden School,Linden School,Eastern,348.56388214,37de6533-2203-4575-8815-945d7bde9192,pgh.admin,2017-07-18T14:29:01.712Z,pgh.admin,2017-07-18T14:29:01.712Z,,6.90718746573229e-08,0.00108092065019425,439ab89f-1360-457f-9b09-31a35ae9465d
110,110,0.25679283,11185.8955317,Special Use Park,SU,6,Lodge Potenza Senior Center,Lodge Potenza Senior Center,Lodge Potenza Senior Center,Western,471.67752809,8a29e613-32df-49c3-8a6c-f48f768f311f,pgh.admin,2017-07-18T14:29:01.712Z,pgh.admin,2017-07-18T14:29:01.712Z,Parks - Western,1.10297580058343e-07,0.00147785126855777,0207ac31-3464-4b97-b967-67c4d36443d0
111,111,0.15293046,6661.65105224,Other,OTR,3,Loraine St Tot Lot,Loraine St Park,Loraine St Tot Lot,Northern,333.32413188,bcd30104-5771-41b0-84f9-79aa9187f0e8,pgh.admin,2017-07-18T14:29:01.712Z,pgh.admin,2017-07-18T14:29:01.712Z,1st Division,6.57142187251025e-08,0.00108242197854877,ff0960f7-12a4-4217-8564-2c0d027072e3
112,112,6.14668577,267749.632204,Neighborhood Park,NP,9,Magee Playground,Magee Park,Magee Park,Schenley,2175.67690171,45b6cc70-4efb-4c09-9430-d2401edca968,pgh.admin,2017-07-18T14:29:01.712Z,pgh.admin,2017-07-18T14:29:01.712Z,Parks - Schenley,2.63993045834829e-06,0.00671218273135789,6ff952ba-d8ee-448e-bf0b-55934395284c
113,113,2.30584219,100442.485853,Neighborhood Park,NP,3,Manchester Park,Manchester Park,Manchester Park,Northern,1563.26918368,ce0b955c-091a-4ce4-a0bd-6f24dfe298bb,pgh.admin,2017-07-18T14:29:01.712Z,pgh.admin,2017-07-18T14:29:01.712Z,Parks - Northern,9.90821641648575e-07,0.00520271593448686,13cb9e9e-b2e3-4ed9-91a3-8f087aeac33a
114,114,3.88269754,169130.304947,Neighborhood Park,NP,3,Manchester Playground,Manchester School Park,Manchester School Park,Northern,1734.43395184,98a049bc-a038-4cf7-bc06-a8ab9c41582f,pgh.admin,2017-07-18T14:29:01.712Z,pgh.admin,2017-07-18T14:29:01.712Z,Parks - Northern,1.30914535651459e-06,0.00485930802602798,d6be6afa-d980-449e-96c0-0ccd56544348
115,115,0.51112629,22264.661162,Community Park,CP,16,Market Square Park,Market Square Park,Market Square Park,State,654.39000431,2135e0d3-02e0-47df-bd9c-fd24eba4397d,pgh.admin,2017-07-18T14:29:01.712Z,pgh.admin,2017-07-18T14:29:01.712Z,Parks - Northern,2.87709143678485e-07,0.00209350453336234,d81a849c-299c-430b-b8ef-c1bb5f774655
116,116,2.76256705,120337.420558,Neighborhood Park,NP,2,Marmaduke Playground,Marmaduke Park,Marmaduke Park,Northern,1791.42794545,273f4bbe-25d9-42a3-a546-370af99b1275,pgh.admin,2017-07-18T14:29:01.712Z,pgh.admin,2017-07-18T14:29:01.712Z,Parks - Northern,1.18752562632459e-06,0.00586423540395286,fd30a2dd-380c-41d5-93d8-dbbc4e44fac0
117,117,0.26019683,11334.1739777,Neighborhood Park,NP,2,Marshall- California Parklet,Marshall-California Park,Marshall-California Park,Northern,410.24135099,983fe92d-da67-43c0-8bc3-997714b25d4d,pgh.admin,2017-07-18T14:29:01.712Z,pgh.admin,2017-07-18T14:29:01.712Z,Parks - Northern,1.1181267566475e-07,0.00132767341781809,de4861f5-76f8-407f-9886-198d09bb389d
118,118,3.48114912,151638.85562,Neighborhood Park,NP,15,Martin Luther King Field,Martin Luther King Park,Martin Luther King Park,Schenley,1676.04109057,bfb9c411-1a59-4391-b943-43f1c525cdb4,pgh.admin,2017-07-18T14:29:01.712Z,pgh.admin,2017-07-18T14:29:01.712Z,Parks - Schenley,1.49543489442777e-06,0.00532266011624384,d78b2b42-f886-48a8-96e4-2a305d74f5df
119,119,22.72821792,990041.172673,Community Park,CP,8,McBride Park,McBride Park,McBride Park,Southern,7470.06276691,c5ca4ed7-b654-4d29-9e89-caba44345bf4,pgh.admin,2017-07-18T14:29:01.712Z,pgh.admin,2017-07-18T14:29:01.712Z,Parks - Southern,9.75363817230694e-06,0.0251854299448313,8faf61c9-5424-43e3-96ce-e734711197c1
120,120,0.19982878,8704.54174796,Neighborhood Park,NP,13,McCandless Tot Lot,McCandless Park,McCandless Park,Northeast,376.61683219,6466049c-ed79-4b4a-a7fd-eee9db4eaba5,pgh.admin,2017-07-18T14:29:01.712Z,pgh.admin,2017-07-18T14:29:01.712Z,Parks - Northeast,8.58942157138286e-08,0.00120315701946962,8504a9dd-6789-400f-85a0-437e7a74e7e2
121,121,8.92268342,388672.089567,Neighborhood Park,NP,4,McGonigle Playground,McGonigle Park,McGonigle Park,Western,4098.9491653,96e44c78-3181-4961-8e84-b40b284bbfb6,pgh.admin,2017-07-18T14:29:01.712Z,pgh.admin,2017-07-18T14:29:01.712Z,Parks - Western,3.83410248427642e-06,0.0129129533927511,1fe303d9-51c5-4cc4-85f7-996384ff12ae
122,122,78.52803838,3420681.35164,Community Park,CP,6,McKinley Park,McKinley Park,McKinley Park,Southern,17715.7659737,0057c452-d431-4d76-bd57-a1f581977a5e,pgh.admin,2017-07-18T14:29:01.712Z,pgh.admin,2017-07-18T14:29:01.712Z,Parks - Southern,3.37207299699819e-05,0.0568563270100306,c6175ca5-2029-4866-ae60-6cf1da33a29c
123,123,1.61581181,70384.7626472,Neighborhood Park,NP,3,McKnight Playground,McKnight Park,McKnight Park,Northern,1279.69245254,715318ec-dbf0-4148-a625-0277f6755aab,pgh.admin,2017-07-18T14:29:01.712Z,pgh.admin,2017-07-18T14:29:01.712Z,Parks - Northern,6.94246064279345e-07,0.00434549941847722,2e3a44e4-bfd0-4b51-8f96-ee6604756fa4
124,124,0.60591979,26393.8660683,Beautification Site,BTF,11,McPherson Blvd Strip,McPherson Blvd Strip,McPherson Blvd Strip,Eastern,2418.06827803,7b7961f7-5e49-410f-a46c-cb27d41465fc,pgh.admin,2017-07-18T14:29:01.712Z,pgh.admin,2017-07-18T14:29:01.712Z,2nd Division,2.60348151497939e-07,0.00821720341992219,cabfb67f-4947-4218-99ac-4d91830b0fe9
125,125,32.53684368,1417304.91088,Community Park,CP,10,Mellon Park,Mellon Park,Mellon Park,Eastern,7625.3993799,afed3549-f340-4b7c-83dd-cee2c7b29ffe,pgh.admin,2017-07-18T14:29:01.712Z,pgh.admin,2017-07-18T14:29:01.712Z,Parks - Eastern,1.39799051854026e-05,0.0250724141022195,366b724b-4bfa-41a8-a564-a793b5d2605a
126,126,0.67192389,29269.0046141,Beautification Site,BTF,10,Mellon Park Island,Mellon Park Island,Mellon Park Island,Eastern,744.325083,79324a1c-1ea2-4101-8abc-c0bb3353dfc8,pgh.admin,2017-07-18T14:29:01.712Z,pgh.admin,2017-07-18T14:29:01.712Z,3rd Division,2.88698736664252e-07,0.00232571995252148,d448d169-3697-4333-808c-94ff2e912620
127,127,1.40141296,61045.5484173,Community Park,CP,16,Mellon Square Park,Mellon Square Park,Mellon Square Park,State,972.19563334,edbff294-ea77-46e2-be64-dcfebbf319e8,pgh.admin,2017-07-18T14:29:01.712Z,pgh.admin,2017-07-18T14:29:01.712Z,Parks - Northern,6.02030181549726e-07,0.003120671468824,3176df94-d506-4f1d-a490-6249805c0092
128,128,0.07905985,3443.84695297,Beautification Site,BTF,10,Monitor St and St Phil Islands,Monitor St and St Phil Islands,Monitor St and St Phil Islands,Eastern,251.94530266,8b16bb3a-205c-4812-aa9a-ad87e31e2a78,pgh.admin,2017-07-18T14:29:01.712Z,pgh.admin,2017-07-18T14:29:01.712Z,3rd Division,3.39559007260179e-08,0.000820618803210301,24150874-61b1-4189-8c3f-1122501c143f
129,129,6.51642346,283855.406009,Neighborhood Park,NP,7,Monongahela Playground,Monongahela Park,Monongahela Park,Southern,2224.84284636,6d41972a-17ea-447a-8aec-792fed745308,pgh.admin,2017-07-18T14:29:01.712Z,pgh.admin,2017-07-18T14:29:01.712Z,Parks - Southern,2.79858527650554e-06,0.00701486693613172,4b01c4b6-95a5-4dcc-8b44-f9c0b31fa82e
130,130,10.10778363,440295.054776,Community Park,CP,5,Moore Park,Moore Park,Moore Park,Southern,2752.13027248,50baa3f0-758b-4bbb-98d6-3c07b42a0826,pgh.admin,2017-07-18T14:29:01.712Z,pgh.admin,2017-07-18T14:29:01.712Z,Parks - Southern,4.33989514793481e-06,0.0090191985514163,b0df47f1-b15e-49cd-801b-ca50ca839d15
131,131,0.60059884,26162.085415,Beautification Site,BTF,12,Morrow Triangle,Morrow Triangle Park,Morrow Triangle,Northeast,682.96902252,074eb498-c5ce-4a44-a57e-3da9bb631f88,pgh.admin,2017-07-18T14:29:01.712Z,pgh.admin,2017-07-18T14:29:01.712Z,Parks - Northeast,2.58068831779627e-07,0.00219006783455154,29c867e2-b876-45a2-9e16-c14600db34cf
132,132,45.75611895,1993136.54151,Regional Park,RP,6,Mt. Washington Park,Emerald View Park - Mt. Washington Park,Emerald View Regional Park (Mt. Washington Park),Western,11386.2207019,59f0daee-69f6-46e3-b6a8-f7586c78f386,pgh.admin,2017-07-18T14:29:01.712Z,pgh.admin,2017-07-18T14:29:01.712Z,Parks - Western,1.96510516901498e-05,0.0349188238423974,ad687823-6ce8-4944-8fc2-665d5ba3bc3c
133,133,0.34528415,15040.5775973,Neighborhood Park,NP,4,Mutual Parklet,Mutual Park,Mutual Park,Western,629.88083149,c3ced6af-31f3-4c14-88e2-a17fe6b295e6,pgh.admin,2017-07-18T14:29:01.712Z,pgh.admin,2017-07-18T14:29:01.712Z,Parks - Western,1.48353959477865e-07,0.00191436789826788,03f1a18a-01b9-402c-97e9-d41ab4850d65
134,134,0.89138123,38828.5664754,Beautification Site,BTF,12,Negley Run Blvd,Negley Run Blvd,Negley Run Blvd,Northeast,1568.61965766,0d64322c-0c5d-4008-9652-0cf4c8e5075e,pgh.admin,2017-07-18T14:29:01.712Z,pgh.admin,2017-07-18T14:29:01.712Z,2nd Division,3.83071676003026e-07,0.00543458413517032,e3ec337a-809a-4c22-a21c-e13fd5e804a0
135,135,0.30517109,13293.2528718,Beautification Site,BTF,12,Negley Run Strip,Negley Run Strip,Negley Run Strip,Northeast,2218.24432926,8ac3fca1-8733-447b-988f-7aee4671ad77,pgh.admin,2017-07-18T14:29:01.712Z,pgh.admin,2017-07-18T14:29:01.712Z,2nd Division,1.31146672954776e-07,0.00731161493440425,22b58912-37d2-4db1-a5f1-3eab20962bf7
136,136,0.15624247,6805.92204615,Beautification Site,BTF,12,Negley-Collins Triangle,Negley-Collins Triangle,Negley-Collins Triangle,Northeast,340.7149413,6800cfe2-5d26-4f19-a71f-8e507978ad94,pgh.admin,2017-07-18T14:29:01.712Z,pgh.admin,2017-07-18T14:29:01.712Z,2nd Division,6.7144846469226e-08,0.00112414627803257,3b69caa3-2076-48a3-b583-1d2770b10160
137,137,0.20943095,9122.81237546,Neighborhood Park,NP,12,Nelson Mandela Peace Park,Nelson Mandela Peace Park,Nelson Mandela Peace Park,Northeast,380.74585599,35047ae7-12cb-4117-a56d-9651d14ca53e,pgh.admin,2017-07-18T14:29:01.712Z,pgh.admin,2017-07-18T14:29:01.712Z,Parks - Northeast,9.00019961378777e-08,0.00118133155557547,4642731a-7c1c-4a10-b9d3-e82ec286bead
138,138,0.22416144,9764.47221494,Neighborhood Park,NP,14,Niagara Parklet,Niagara Park,Niagara Park,Schenley,395.33651145,590b1935-1d5d-4c5d-bd92-b1b469bc3c1c,pgh.admin,2017-07-18T14:29:01.712Z,pgh.admin,2017-07-18T14:29:01.712Z,Parks - Schenley,9.62880446636834e-08,0.00125997706878233,ec70c85f-b7ff-44e9-a29a-4a547266ed31
139,139,10.10921001,440357.187871,Riverfront Park,RVR,16,Northshore Riverfront Park,Northshore Riverfront Park,Northshore Riverfront Park,State,10104.3707589,68640034-1684-42f3-b6ea-c292096f526e,pgh.admin,2017-07-18T14:29:01.712Z,pgh.admin,2017-07-18T14:29:01.712Z,Parks - Northern,4.34308360587876e-06,0.0353959407951283,adbf7053-d701-44bb-a0df-f04246fb6283
140,140,0.5692298,24795.649995,Beautification Site,BTF,14,Oakland Square,Oakland Square,Oakland Square,Schenley,878.14842866,e2748b8b-a3d3-4195-9c81-58b9b2062c7c,pgh.admin,2017-07-18T14:29:01.712Z,pgh.admin,2017-07-18T14:29:01.712Z,3rd Division,2.44519754254952e-07,0.00301181537477761,ba8f18ae-e17b-4d5b-81b9-fa48cf35f303
141,141,4.88267048,212689.125991,Neighborhood Park,NP,4,Oakwood Playground,Oakwood Park,Oakwood Park,Western,3111.47553148,62caf5f1-7f9e-4563-8a86-41b42ccbf634,pgh.admin,2017-07-18T14:29:01.712Z,pgh.admin,2017-07-18T14:29:01.712Z,Parks - Western,2.09707615576071e-06,0.00977948859489602,823d2329-65d1-4f57-9fe8-977d903dd152
143,143,9.27840525,404167.332504,Regional Park,RP,6,Olympia Park,Emerald View Park - Olympia Park,Emerald View Regional Park (Olympia Park),Western,2810.16261338,5217a635-cba9-4f1e-93c7-a604fc8f59e3,pgh.admin,2017-07-18T14:29:01.712Z,pgh.admin,2017-07-18T14:29:01.712Z,Parks - Western,3.9853089190859e-06,0.00850606825283529,ca430c31-6063-44f9-97ec-7ff7a3115476
144,144,2.65702462,115739.99231,Neighborhood Park,NP,7,Ormsby Playground,Ormsby Park,Ormsby Park,Southern,1549.34963964,a67c8014-7b92-4125-af8e-aa51286451f2,pgh.admin,2017-07-18T14:29:01.712Z,pgh.admin,2017-07-18T14:29:01.712Z,Parks - Southern,1.14122938525241e-06,0.00456232954800924,275885c4-7efc-4620-95d5-e3377313d07e
145,145,1.19745594,52161.1808829,Neighborhood Park,NP,12,Osceola Parklet,Osceola Park,Osceola Park,Northeast,907.56586396,975a22ed-f845-4214-964f-4d2824d17d41,pgh.admin,2017-07-18T14:29:01.712Z,pgh.admin,2017-07-18T14:29:01.712Z,Parks - Northeast,5.14530836680119e-07,0.00288982444120073,e2cd5067-9099-485d-ad17-84e72ca8375a
147,147,0.0900221,3921.36272128,Beautification Site,BTF,14,Parkview Islands,Parkview Islands,Parkview Islands,Schenley,1353.95997309,1f683a5a-8c27-4cdf-b2cb-5d8ac86be602,pgh.admin,2017-07-18T14:29:01.712Z,pgh.admin,2017-07-18T14:29:01.712Z,3rd Division,3.86690518004539e-08,0.0038317916194834,4d3de04a-bbe6-40ea-a367-5cef676cb8b4
148,148,1.91090608,83239.0686456,Neighborhood Park,NP,5,Pauline Parklet,Pauline Park,Pauline Park,Western,1481.1094511,8d2ca331-e92f-4081-91f6-a991b913975d,pgh.admin,2017-07-18T14:29:01.712Z,pgh.admin,2017-07-18T14:29:01.712Z,Parks - Western,8.20464488953078e-07,0.00467731836678711,bea17be3-45d4-407f-96b4-10f2d569a1ad
149,149,4.16457163,181408.740264,Neighborhood Park,NP,11,Paulson Playground,Paulson Park,Paulson Park,Eastern,2017.6125636,8180fb19-0d4a-451d-bec4-fc7decd19d52,pgh.admin,2017-07-18T14:29:01.712Z,pgh.admin,2017-07-18T14:29:01.712Z,Parks - Eastern,1.78976985034709e-06,0.0063826277002769,6301ddf5-7425-4159-979a-e3d86f2af972
150,150,0.02981695,1298.82636389,Beautification Site,BTF,12,Penn Circle W Square,N Euclid Ave Square,N Euclid Ave Square,Northeast,194.32174019,d12831e9-bd61-4c52-ab4d-9931dd5f4f42,pgh.admin,2017-07-18T14:29:01.712Z,pgh.admin,2017-07-18T14:29:01.712Z,2nd Division,1.28131445970155e-08,0.000646301040194896,c6882611-0f5c-4f9c-8c3a-5699853628a0
151,151,0.07362059,3206.91300465,Beautification Site,BTF,12,Penn Circle W Triangle,S Euclid Ave Triangle,S Euclid Ave Triangle,Northeast,345.90545485,2a334f85-c134-4aac-8158-d03cf25f5b55,pgh.admin,2017-07-18T14:29:01.712Z,pgh.admin,2017-07-18T14:29:01.712Z,2nd Division,3.16365331885905e-08,0.00109168780864043,69c9f972-2b80-43c1-bd9a-92ea944410df
153,153,23.40072011,1019335.36815,Community Park,CP,5,Phillips Park,Phillips Park,Phillips Park,Southern,7113.21285449,24cd4273-9d1a-4886-a9f1-a3c4a9d50196,pgh.admin,2017-07-18T14:29:01.712Z,pgh.admin,2017-07-18T14:29:01.712Z,Parks - Southern,1.00452753687268e-05,0.0213096315355007,fb3e8f2a-6d5c-4429-9b8f-d81e5c645414
154,154,28.79862745,1254463.19376,Riverfront Park,RVR,16,Point State Park,Point State Park,Point State Park,State,12943.2387982,bf1a98df-8a5b-454a-a172-cb061bab8d70,pgh.admin,2017-07-18T14:29:01.712Z,pgh.admin,2017-07-18T14:29:01.712Z,,1.23701817479538e-05,0.0424033515676204,576e9d43-38ed-4a7f-9ce3-a2c65df6b0d2
155,155,0.02312026,1007.11851099,Beautification Site,BTF,13,Polish Hill Monument,Polish Hill Monument,Polish Hill Monument,Schenley,134.44142936,b37088bf-d7c0-401e-9d93-e5f9f85ca70b,pgh.admin,2017-07-18T14:29:01.712Z,pgh.admin,2017-07-18T14:29:01.712Z,2nd Division,9.93448281871564e-09,0.000405052714470801,f199ca15-9473-457d-a102-73222a8d8916
156,156,1.98205188,86338.1798304,Regional Park,RP,6,Ream Parklet,Emerald View Park - Ream Park,Emerald View Regional Park (Ream Park),Western,1359.15606601,e532a31c-a671-42ae-98da-2ed252192a64,pgh.admin,2017-07-18T14:29:01.712Z,pgh.admin,2017-07-18T14:29:01.712Z,Parks - Western,8.51340903493883e-07,0.00422771940959036,8906cace-f432-4f8e-9cd8-8257ec99c565
157,157,0.01882552,820.03947356,Beautification Site,BTF,10,Regent Square War Memorial,Regent Square War Memorial,Regent Square War Memorial,Eastern,111.75597167,5326f0a6-c72f-47bf-83d9-e739277fda7c,pgh.admin,2017-07-18T14:29:01.712Z,pgh.admin,2017-07-18T14:29:01.712Z,3rd Division,8.08662752433636e-09,0.000358712446980026,c5ca5f35-76e2-47ac-aef0-4499b990f298
158,158,0.46868049,20415.7223333,Neighborhood Park,NP,8,Revenue Park,Roland Lockridge Community Park,Roland Lockridge Community Park,Southern,590.84100675,44bbbdf5-c2db-451c-b880-9251b8211455,pgh.admin,2017-07-18T14:29:01.712Z,pgh.admin,2017-07-18T14:29:01.712Z,Parks - Southern,2.01201016480697e-07,0.00193378226264649,eff5035f-1d5b-4ac0-8daa-3efbf5e24c64
159,159,0.03792415,1651.9757579,Beautification Site,BTF,10,Reynolds St Planting Circle,Reynolds St Planting Circle,Reynolds St Planting Circle,Eastern,144.68059197,530e9f89-cd66-4416-bcfc-5427f7dd7f84,pgh.admin,2017-07-18T14:29:01.712Z,pgh.admin,2017-07-18T14:29:01.712Z,3rd Division,1.62930973990206e-08,0.000460477113622018,d8c6ac45-86e3-416f-ab90-490f3fb0ad2f
160,160,258.75748968,11271476.2502,Regional Park,RP,2,Riverview Park,Riverview Park,Riverview Park,Northern,72135.8705385,bfa19f54-250b-4e8e-9898-5a8f45e003b8,pgh.admin,2017-07-18T14:29:01.712Z,pgh.admin,2017-07-18T14:29:01.712Z,Parks - Northern,0.00011115950876023,0.229259669020398,31a7e300-f599-40b8-87fc-f799b36054a6
161,161,12.31214859,536317.192572,Neighborhood Park,NP,15,Robert E Williams Park,Robert E. Williams Park,Robert E. Williams Herron Hill Park,Schenley,2850.69033333,4390547d-5c60-4ce3-af1e-6850bc23786a,pgh.admin,2017-07-18T14:29:01.712Z,pgh.admin,2017-07-18T14:29:01.712Z,Parks - Schenley,5.29021473744996e-06,0.00913696516827531,2ebe416a-ab5d-4b0b-93de-e4dac6c70123
162,162,0.56201001,24481.156129,Neighborhood Park,NP,9,Saline St Parklet,Saline Street Green Space,Saline Street Park,Schenley,683.78369115,c9d04732-f884-4f01-b246-e63df43fedb8,pgh.admin,2017-07-18T14:29:01.712Z,pgh.admin,2017-07-18T14:29:01.712Z,3rd Division,2.41391689000419e-07,0.00217258376097058,4b0c28a0-aac4-4615-aef5-05b311b62222
163,163,0.33779352,14714.2855732,Beautification Site,BTF,10,Saline St Passive Area,Saline St Passive Area,Saline St Passive Area,Schenley,586.93326181,dddea333-de61-4d3e-82ef-0c05ef00d7be,pgh.admin,2017-07-18T14:29:01.712Z,pgh.admin,2017-07-18T14:29:01.712Z,3rd Division,1.45066010115253e-07,0.00193732975332052,39519dde-75ca-4a75-9da7-2f655252b221
164,164,434.08087777,18908563.0356,Regional Park,RP,10,Schenley Park,Schenley Park,Schenley Park,Schenley,123344.865833,2be79c72-ff3d-4f6e-844d-6ad22c49556a,pgh.admin,2017-07-18T14:29:01.712Z,pgh.admin,2017-07-18T14:29:01.712Z,Parks - Schenley,0.000186459354976557,0.395503714450281,6b9b524c-d17b-483c-908f-3eb0dbc34edd
165,165,1.01141836,44057.2074494,Neighborhood Park,NP,1,Scherer Field,Scherer Park,Scherer Field,Northern,869.02248082,207b0267-2101-4b62-aa7b-4c55ace2496e,pgh.admin,2017-07-18T14:29:01.712Z,pgh.admin,2017-07-18T14:29:01.712Z,Parks - Northern,4.34561339355393e-07,0.00265154186645924,0afba051-debf-480c-b814-b3cc6ce9a092
166,166,0.14885551,6484.14615383,Beautification Site,BTF,4,Sheraden Monument,Sheraden Monument,Sheraden Monument,Western,369.47866131,8418b4f5-e453-45fb-9b9f-71b56a782739,pgh.admin,2017-07-18T14:29:01.712Z,pgh.admin,2017-07-18T14:29:01.712Z,5th Division,6.39583704317322e-08,0.00116031832476786,1db7708f-67ad-41ef-9865-58cae66326c0
167,167,51.15743687,2228417.95025,Community Park,CP,4,Sheraden Park,Sheraden Park,Sheraden Park,Western,16358.8352357,351ad94c-c15c-4b25-a11a-f467977f0134,pgh.admin,2017-07-18T14:29:01.712Z,pgh.admin,2017-07-18T14:29:01.712Z,Parks - Western,2.19822880546647e-05,0.0520452996983262,a4036e49-f40b-4907-a549-ce19928dae46
168,168,0.44397765,19339.6666206,Special Use Park,SU,4,Sheraden Senior Center,Sheraden Senior Center,Sheraden Senior Center,Western,609.38315894,0a4c9da4-797d-466c-859a-27575a608045,pgh.admin,2017-07-18T14:29:01.712Z,pgh.admin,2017-07-18T14:29:01.712Z,Parks - Western,1.90767187226218e-07,0.0020269174427126,f219dc53-1ea2-4738-b1a1-50b79bd54b18
169,169,0.41219354,17955.1508112,Special Use Park,SU,7,Southside Market House,Southside Market House,Southside Market House,Southern,539.35379267,9bb8fe4a-a3ba-49ba-a3b3-bd099243b04e,pgh.admin,2017-07-18T14:29:01.712Z,pgh.admin,2017-07-18T14:29:01.712Z,Parks - Southern,1.77043329056557e-07,0.00164419645663994,3dfa80c0-2cf7-4f1f-870d-63589e8a810f
170,170,57.47562883,2503638.39191,Community Park,CP,7,Southside Park,Southside Park,Southside Park,Southern,15701.0199754,95cc2ac5-a1c2-4648-a584-a51d1cc70630,pgh.admin,2017-07-18T14:29:01.712Z,pgh.admin,2017-07-18T14:29:01.712Z,Parks - Southern,2.46836133680639e-05,0.0503097311176729,6170dc9c-5e1c-401f-928e-060eaa591d01
171,171,16.75358808,729786.296933,Riverfront Park,RVR,7,Southside Riverfront Park,Southside Riverfront Park,Southside Riverfront Park,Southern,14053.0359603,99ccb4c8-bc0c-403d-9442-3364c6e21096,pgh.admin,2017-07-18T14:29:01.712Z,pgh.admin,2017-07-18T14:29:01.712Z,Parks - Southern,7.19615177274521e-06,0.0486297063412776,bb207995-b472-477d-bf58-54a421c6edcc
172,172,1.29893517,56581.6158039,Neighborhood Park,NP,1,Spring Garden Field,Spring Garden Park,Spring Garden Park,Northern,1231.0089363,cafe92f4-0b45-42f4-9411-15363c7d50d1,pgh.admin,2017-07-18T14:29:01.712Z,pgh.admin,2017-07-18T14:29:01.712Z,Parks - Northern,5.58209073224902e-07,0.00368072150687149,d7a2a0c5-4e85-4c13-8ecf-995b8e227f4e
173,173,0.37762719,16449.4404677,Public School,SCH,1,Spring Garden School,Spring Garden School,Spring Garden School,Northern,548.0688172,4fbc010b-b584-47c3-aaeb-606dd8bbb4d7,pgh.admin,2017-07-18T14:29:01.712Z,pgh.admin,2017-07-18T14:29:01.712Z,,1.62280713313781e-07,0.00181141054618788,2d40deb0-62a0-4631-9db2-761bdf7d40d9
174,174,0.20927045,9115.82086394,Public School,SCH,10,Sterrett School,Sterrett School,Sterrett School,Eastern,463.3846429,b3f7c2e7-4ae8-48f0-8a52-ce76c705e7be,pgh.admin,2017-07-18T14:29:01.712Z,pgh.admin,2017-07-18T14:29:01.712Z,,8.99070479555047e-08,0.0014177008560736,996912de-94f9-4943-a0d4-796f9cb0881e
175,175,0.53105985,23132.9669235,Neighborhood Park,NP,4,Stratmore Parklet,Stratmore Park,Stratmore Park,Western,845.11152083,98e651e7-e357-48d5-ad8e-53db1a814a8e,pgh.admin,2017-07-18T14:29:01.712Z,pgh.admin,2017-07-18T14:29:01.712Z,Parks - Western,2.28131846753944e-07,0.00268889152727178,33766895-c135-44e7-a8d9-c0189efbe175
176,176,3.42758754,149305.713338,Neighborhood Park,NP,13,Sullivan Playground,Sullivan Park,Sullivan Park,Northeast,1791.92643888,58ad185e-9524-4e93-bc10-328dd2172dc1,pgh.admin,2017-07-18T14:29:01.712Z,pgh.admin,2017-07-18T14:29:01.712Z,Parks - Northeast,1.47291287147444e-06,0.00580111494701193,a714281f-9b46-4013-a411-f1007b0ac0bb
177,177,1.18120408,51453.249574,Neighborhood Park,NP,10,Swisshelm Parklet,Swisshelm Park,Swisshelm Park,Eastern,909.71795803,a345eae0-81c6-4e68-88ef-e73c5717311f,pgh.admin,2017-07-18T14:29:01.712Z,pgh.admin,2017-07-18T14:29:01.712Z,Parks - Eastern,5.07282362583701e-07,0.00288781849696422,471d5ecf-8bb9-4e69-912b-49b0ace9890e
179,179,0.59163932,25771.8089697,Beautification Site,BTF,11,Thomas Blvd Planting Strip,Thomas Blvd Planting Strip,Thomas Blvd Planting Strip,Eastern,2507.73330983,241f501a-1070-401c-b117-168461d0d1ca,pgh.admin,2017-07-18T14:29:01.712Z,pgh.admin,2017-07-18T14:29:01.712Z,2nd Division,2.54209187386478e-07,0.00853171004495824,07f12ca0-46c8-4ecb-9f90-d8cfd1ce7f21
180,180,0.3160299,13766.2626491,Beautification Site,BTF,16,Thomas Parklet,Thomas Park,Thomas Park,State,685.98510414,29ea1e26-197f-4e3d-926b-4fd4b7988d76,pgh.admin,2017-07-18T14:29:01.712Z,pgh.admin,2017-07-18T14:29:01.712Z,Parks - Northern,1.35753943812991e-07,0.00210441534562486,a66bc451-a3ea-426c-ad7a-e106caa1e7e0
181,181,0.10828562,4716.92157081,Neighborhood Park,NP,15,Tustin Tot Lot,Tustin Park,Tustin Park,Schenley,274.80882389,a5cbdc1d-502c-4d79-aa95-21d0699e578b,pgh.admin,2017-07-18T14:29:01.712Z,pgh.admin,2017-07-18T14:29:01.712Z,Parks - Schenley,4.65152529767844e-08,0.000873370566197737,0e063e3c-4de4-4eb4-b93f-6f1b23366d12
182,182,0.23543731,10255.6492399,Beautification Site,BTF,10,Vietnam Island,Vietnam Island,Vietnam Island,Eastern,899.71781979,0b4033fe-1588-4f0d-a39e-8d4212910b61,pgh.admin,2017-07-18T14:29:01.712Z,pgh.admin,2017-07-18T14:29:01.712Z,3rd Division,1.01136546521761e-07,0.00316094835367062,a2fe90cb-317b-4cdc-9e72-76436975021b
183,183,1.56467526,68157.2544718,Neighborhood Park,NP,15,Vincennes Parklet,Vincennes Park,Vincennes Park,Schenley,1142.21399521,ebb605cb-0ca0-468f-b0b2-73a22e461106,pgh.admin,2017-07-18T14:29:01.712Z,pgh.admin,2017-07-18T14:29:01.712Z,Parks - Schenley,6.72265581714636e-07,0.00355663181604395,7263ee84-9206-43e8-9ff4-054092fda774
184,184,10.75219193,468365.480616,Neighborhood Park,NP,5,Volunteers Field,Volunteers Park,Volunteers Park,Southern,5812.4419735,febad663-68a9-4e76-ae18-ae4f8430cfae,pgh.admin,2017-07-18T14:29:01.712Z,pgh.admin,2017-07-18T14:29:01.712Z,Parks - Southern,5.5031116434651e-06,0.0215403671053685,254b87d1-df6f-4610-8a60-9a8ea5eb3595
185,185,2.43644988,106131.756673,Neighborhood Park,NP,4,Wabash Playground,Wabash Park,Wabash Park,Western,1676.46021167,92eb8cf6-4bbf-4a30-8b50-91ffe4b4fdda,pgh.admin,2017-07-18T14:29:01.712Z,pgh.admin,2017-07-18T14:29:01.712Z,Parks - Western,1.04663779990025e-06,0.00491025416567882,afabd1e6-f7a9-42c7-baae-44efdf4f7d9c
186,186,2.12662063,92635.5945483,Neighborhood Park,NP,6,Warrington Playground,Warrington Park,Warrington Park,Southern,1245.75822307,bf852bdb-5458-44ff-ba0c-5c6b16e5ccd9,pgh.admin,2017-07-18T14:29:01.712Z,pgh.admin,2017-07-18T14:29:01.712Z,Parks - Southern,9.13309012561296e-07,0.00408145431086598,c7062ed7-1992-4ebb-92d2-99a78f29e8c1
188,188,4.68884721,204246.184629,Neighborhood Park,NP,4,West End Elliot Overlook Park,West End-Elliott Overlook Park,West End-Elliot Overlook Park,Western,4135.08502495,db34d78e-3287-40aa-8754-89ff7af41c76,pgh.admin,2017-07-18T14:29:01.712Z,pgh.admin,2017-07-18T14:29:01.712Z,Parks - Western,2.01442470930085e-06,0.0131257817778895,7fcf5bbf-7d25-4e25-bf14-fc94ece32cd1
189,189,17.02503862,741610.682359,Community Park,CP,4,West End Park,West End Park,West End Park,Western,15318.7895242,f1ba0266-6b8c-4555-a57a-4003e8adf767,pgh.admin,2017-07-18T14:29:01.712Z,pgh.admin,2017-07-18T14:29:01.712Z,Parks - Western,7.31328595181156e-06,0.0488696718159201,b72e1dac-9983-4e5f-aef7-25e36da33857
190,190,22.54130259,981899.140605,Community Park,CP,13,West Penn Park,West Penn Park,West Penn Park,State,4544.06311033,a0481df3-0fb0-4913-8d63-74cf6358656b,pgh.admin,2017-07-18T14:29:01.712Z,pgh.admin,2017-07-18T14:29:01.712Z,Parks - Northeast,9.68547262787676e-06,0.015004763297956,9d91d47e-a683-4722-b8d7-4e61fea05011
191,191,10.83159086,471824.097656,Neighborhood Park,NP,11,Westinghouse Park,Westinghouse Park,Westinghouse Park,Eastern,2747.68890417,e473b3f9-3e8a-49cb-8523-ef32365cdd25,pgh.admin,2017-07-18T14:29:01.712Z,pgh.admin,2017-07-18T14:29:01.712Z,Parks - Eastern,4.65393504294054e-06,0.00880770978497663,95d97d48-d005-417c-accb-63ea1e3172e5
192,192,0.01302079,567.18347638,Beautification Site,BTF,4,Westwood Island,Westwood Island,Westwood Island,Western,93.1245652,82bd048c-8ac4-45af-991b-72228f39bd32,pgh.admin,2017-07-18T14:29:01.712Z,pgh.admin,2017-07-18T14:29:01.712Z,5th Division,5.5905801399074e-09,0.000292957545934137,e52182cd-f509-4a3a-bfba-418564eb7c7b
193,193,3.42802024,149324.561652,Public School,SCH,4,Westwood School,Westwood School,Westwood School,Western,1572.77684889,843e43a8-79ed-42c4-975b-9791c5161212,pgh.admin,2017-07-18T14:29:01.712Z,pgh.admin,2017-07-18T14:29:01.712Z,Parks - Western,1.30657325533341e-06,0.00461263660928533,f3c63c0b-e134-4df0-a965-c0891f152915
194,194,2.20776518,96170.2510859,Neighborhood Park,NP,10,Wightman Playground,Wightman Park,Wightman Park,Eastern,1305.90809687,9073e51f-4d78-42ff-8fc0-97344d058d0e,pgh.admin,2017-07-18T14:29:01.712Z,pgh.admin,2017-07-18T14:29:01.712Z,Parks - Eastern,9.4846426593129e-07,0.00431206070220541,df7d23a5-7941-419c-b49b-b7efd13e3226
195,195,0.05965963,2598.77361249,Beautification Site,BTF,10,Windermere Circle 1 & 2,Windermere Circle 1 & 2,Windermere Circle 1 & 2,Eastern,286.38037285,c486c01d-a722-4530-8c78-9f4a243b4d7f,pgh.admin,2017-07-18T14:29:01.712Z,pgh.admin,2017-07-18T14:29:01.712Z,3rd Division,2.56223273553371e-08,0.000924292389254855,4a885c76-8f8c-44ff-aed2-648f5c469f03
196,196,2.69098145,117219.151964,Neighborhood Park,NP,7,Winters Playground,Winters Park,Winters Park,Southern,1961.47202182,39be7594-ab5d-43e6-a152-a1cb6ec627ee,pgh.admin,2017-07-18T14:29:01.712Z,pgh.admin,2017-07-18T14:29:01.712Z,Parks - Southern,1.15570233679992e-06,0.00614810609823945,10cda3fa-143d-4c95-8622-8027b731990f
197,197,0.27563174,12006.5187665,Neighborhood Park,NP,2,Woods Run Tot Lot,Woods Run Park,Woods Run Park,Northern,450.35200929,9b77f597-274e-44fa-8814-54660d31e924,pgh.admin,2017-07-18T14:29:01.712Z,pgh.admin,2017-07-18T14:29:01.712Z,Parks - Northern,1.18469249820203e-07,0.0014796242471182,65175f8b-b527-4c98-927e-32a8f5f16872
198,198,3.07508908,133950.880221,Neighborhood Park,NP,2,Young Field,Young Field Park,Young Park,Northern,1666.07179358,9b969f67-1f2e-4f4b-8556-e4ac49ca208e,pgh.admin,2017-07-18T14:29:01.712Z,pgh.admin,2017-07-18T14:29:01.712Z,Parks - Northern,1.3216400452793e-06,0.00557615442073867,bd700edd-5a4f-491a-9c5e-0798c7d855d3
199,199,0.72724319,31678.7132705,Beautification Site,BTF,14,Zulema Passive Area,Zulema Park,Zulema Passive Area,Schenley,816.84075011,9b0e7c16-0d06-44a7-96ba-f616bd7d0fdb,pgh.admin,2017-07-18T14:29:01.712Z,pgh.admin,2017-07-18T14:29:01.712Z,Parks - Schenley,3.12390200788561e-07,0.00271201253387395,f89503bd-e714-405c-9a2a-b390f5a49b8f
200,200,0.57530656,25060.3538141,Riverfront Park,RVR,16,Alcoa Park,Alcoa Park,Alcoa Park,State,912.32869495,66d69aea-4c7d-4aac-8aa6-9c7ef7453247,pgh.admin,2017-07-18T14:29:01.712Z,pgh.admin,2017-07-18T14:29:01.712Z,Parks - Northern,2.47167191442092e-07,0.00311080803046687,83fbae3b-c931-467a-87dd-3917bbbbd754
201,201,61.52176943,2679888.27643,Regional Park,RP,6,Duquesne Heights Greenway,Emerald View Park - Duquesne Heights Greenway,Emerald View Regional Park (Duquesne Heights Greenway),Western,28271.46514,32e0f94b-541f-421b-b9cb-570b3b856d2e,pgh.admin,2017-07-18T14:29:01.712Z,pgh.admin,2017-07-18T14:29:01.712Z,Parks - Western,2.64264340423307e-05,0.0896164214526128,28d9c128-d4a5-4c09-9675-76d1ab333149
202,202,97.40074883,4242776.61883,Regional Park,RP,6,Other Undesignated Property,Emerald View Regional Park,Emerald View Regional Park,Western,69193.6153746,9eadaba3-1096-43fe-8237-adca8c01c9e0,pgh.admin,2017-07-18T14:29:01.712Z,pgh.admin,2017-07-18T14:29:01.712Z,,4.74651013241748e-05,0.224310606701358,65443124-a213-4e62-aeed-b46180dee067
203,203,0.26539512,11560.6113476,Neighborhood Park,NP,1,Lookout St Parklet,Lookout Street Park,Lookout Street Park,Northern,428.27361277,cf15f763-5076-4f31-875f-93d14fdd8a03,pgh.admin,2017-07-18T14:29:01.712Z,pgh.admin,2017-07-18T14:29:01.712Z,Parks - Northern,1.1405778590277e-07,0.00139699911576106,502985c0-d416-485c-b352-c738f1f324da
204,204,0.6486825,28256.6099173,Neighborhood Park,NP,4,Townsend Parklet,Townsend Park,Townsend Park,Western,669.53504644,446d0fe8-1532-4253-8258-fcb5c0677421,pgh.admin,2017-07-18T14:29:01.712Z,pgh.admin,2017-07-18T14:29:01.712Z,Parks - Western,2.78674625802123e-07,0.00214546281069691,74bb7857-d96c-457b-8eb0-6947300dc50c
205,205,0.09741586,4243.43475145,Neighborhood Park,NP,14,Dunseith Tot Lot (Shalane's Play Yard),Shalane's Play Yard Park,Dunseith Park (Shalane's Play Yard),Schenley,262.06694187,9177883a-579b-4f61-a9a2-8be643b68407,pgh.admin,2017-07-18T14:29:01.712Z,pgh.admin,2017-07-18T14:29:01.712Z,Parks - Schenley,4.18496266526771e-08,0.000823249402937785,a592ffa9-9a56-4544-86f4-87e8cabaac29
206,206,6.41791571,279564.408373,Neighborhood Park,NP,1,Spring Hill Playground,Spring Hill Park,Spring Hill Park,Northern,2401.52521801,1be984a8-ff8e-4e15-baaf-ba53e2fac8c3,pgh.admin,2017-07-18T14:29:01.712Z,pgh.admin,2017-07-18T14:29:01.712Z,Parks - Northern,2.75824188061017e-06,0.0078866936629561,a86d02be-b2b4-4482-b0cc-f131476f244c
207,207,1.48027964,64480.9812747,Neighborhood Park,NP,5,Tropical Parklet,Tropical Park,Tropical Park,Western,1057.28576373,96b7ba58-af4f-4803-a06a-ee46a0219b12,pgh.admin,2017-07-18T14:29:01.712Z,pgh.admin,2017-07-18T14:29:01.712Z,Parks - Western,6.35735670484595e-07,0.00342321379405654,dfd635ad-a896-4d71-b674-af961e20c1e9
208,208,6.07938815,264818.147642,Neighborhood Park,NP,5,Vanucci Field,Vanucci Park,Vanucci Park,Western,2391.38259646,19b0ba76-3aad-4e9f-9174-18013f454a6d,pgh.admin,2017-07-18T14:29:01.712Z,pgh.admin,2017-07-18T14:29:01.712Z,Parks - Western,2.61063121838322e-06,0.00793119726510228,ea9fd53d-f628-42ed-bbf5-dfaba600487b
209,209,1.61335072,70277.2761373,Beautification Site,BTF,16,Fort Duquesne Blvd Strip,Fort Duquesne Blvd Strip,Fort Duquesne Blvd Strip,State,8077.47299568,683f2117-5293-470b-89bd-a70f4e6775bd,pgh.admin,2017-07-18T14:29:01.712Z,pgh.admin,2017-07-18T14:29:01.712Z,6th Division,6.93346032390277e-07,0.0279633448858814,b0f826e1-19f2-4e93-a42e-f8b6a93b3bd1
210,211,0.56902442,24786.6046899,Neighborhood Park,NP,1,Troy Hill Citzen's Park,Troy Hill Citzen's Park,Troy Hill Citzen's Park,Northern,708.69794992,c4abaefd-877d-4c42-b588-60a126ebfa5a,pgh.admin,2017-07-18T14:29:01.712Z,pgh.admin,2017-07-18T14:29:01.712Z,Parks - Northern,2.44524615503279e-07,0.00226878516981507,74819928-5230-423d-a064-20c734b32a05
211,212,1.21485146,52918.7180663,Community Park,CP,4,Tuxedo Street Skate Park,Tuxedo Street Skate Park,Tuxedo Street Skate Park,Western,898.47162146,d54d5c1a-2212-4d36-8d4a-11f7d43e3c7f,pgh.admin,2017-07-18T14:29:01.712Z,pgh.admin,2017-07-18T14:29:01.712Z,Parks - Western,5.21755500562453e-07,0.00282998617115619,88000834-47d3-47c6-949c-f3e467d5c215
212,213,1.82649178,79561.6638085,Community Park,CP,2,Garvin Park,Garvin Park,Garvin Park,Northern,1257.12905344,ab7d15a3-5b0e-443c-bf14-dcd01d68da59,pgh.admin,2017-07-18T14:29:01.712Z,pgh.admin,2017-07-18T14:29:01.712Z,Parks - Northern,7.85226841249948e-07,0.00407705671172433,adcc9d08-82f6-43e2-9e1a-ecae917f1c11
19817,,,,,,,,Fowler Park,,,,,pgh.admin,2017-07-18T14:29:01.712Z,pgh.admin,2017-07-18T14:29:01.712Z,Parks - Northern,1.87314833628323e-06,0.00575687792347179,b37c6662-06f7-497b-9129-88c0abf96ba1
97019,,,,,,,,Washington's Landing Park,,,,,pgh.admin,2017-07-18T14:29:01.712Z,pgh.admin,2017-07-18T14:29:01.712Z,Parks - Northern,3.79799046727125e-06,0.00972993132154209,241ffe57-dea4-4905-b201-0dccd35a5b35
97020,,,,,,,,Washburn Square Park,,,,,pgh.admin,2017-07-18T14:29:01.712Z,pgh.admin,2017-07-18T14:29:01.712Z,Parks - Northern,3.9407204476226e-07,0.00292058784645202,d5d72b34-d8dd-4244-8706-5095b3469722
97022,,,,,,,,Venson Park,,,,,pgh.admin,2017-07-18T14:29:01.712Z,pgh.admin,2017-07-18T14:29:01.712Z,Parks - Southern,8.23357038884215e-08,0.0011480248499584,79923663-b8fc-4886-9366-17cb75557feb
97023,,,,,,,,Beechview Senior Center Park,,,,,pgh.admin,2017-07-18T14:29:01.712Z,pgh.admin,2017-07-18T14:29:01.712Z,Parks - Western,5.94372344483907e-08,0.000991399285767873,13e924d2-32b6-486c-879f-4541c7252f4b
97025,,,,,,,,Emerald View Park - Shiloh Street Park,,,,,pgh.admin,2017-07-18T14:29:01.712Z,pgh.admin,2017-07-18T14:29:01.712Z,Parks - Western,2.42277283718308e-08,0.000649976510383552,e32494f6-e76f-4431-bf93-164ed4f1be27
207484,,,,,,,,Monongahela Wharf Landing Park,,,,,pgh.admin,2017-07-18T14:29:01.712Z,pgh.admin,2017-07-18T14:29:01.712Z,Parks - Northern,5.62053134985583e-07,0.0121286016658833,95631d76-ed55-477e-be74-b0ffd84ce027
208691,,,,,,,,Brighton Heights Senior Center,,,,,pgh.admin,2017-07-18T14:29:01.712Z,pgh.admin,2017-07-18T14:29:01.712Z,Parks - Northern,3.11930660427141e-07,0.0022468366462711,88c8f9fc-2bde-468c-bca4-79c5673d215c
209488,,,,,,,,Paulson Rec Center,,,,,pgh.admin,2017-07-18T14:29:01.712Z,pgh.admin,2017-07-18T14:29:01.712Z,Parks - Eastern,1.67806379230054e-07,0.00186274124058905,bbbc2301-a68a-4f42-95ff-32224d4e378b
209489,,,,,,,,Oliver Bath House,,,,,pgh.admin,2017-07-18T14:29:01.712Z,pgh.admin,2017-07-18T14:29:01.712Z,Parks - Southern,6.58386361290917e-08,0.00108402694670276,54c60d16-9026-4564-946a-0c76731e41a1
209490,,,,,,,,West End Senior Center,,,,,pgh.admin,2017-07-18T14:29:01.712Z,pgh.admin,2017-07-18T14:29:01.712Z,Parks - Western,2.91947645725926e-07,0.00222093821898762,083a789f-79da-49cb-b895-cd6264fd8909
237520,,,,,,,,Swisshelm War Memorial,,,,,pgh.admin,2017-07-18T14:29:01.712Z,pgh.admin,2017-07-18T14:29:01.712Z,3rd Division,7.06122269769559e-09,0.000377903885864385,c592f394-16a2-4656-bd9a-cdfffc4e89fa
